text_id	lookup_key	number	title	subtitle	sort_key	artist	min_bpm	max_bpm	level1	notes1	level2	notes2	level3	notes3	level4	notes4	level5	notes5	limited	hidden	deleted	activated	event	added_at	deleted_at
wannabeyourspecial	wannabeyourspecial	1	Wanna Be Your Special		wanna be your special	Shoichiro Hirata feat. SUIMI	137	137	8	89	23	163	40	230					FALSE	FALSE	FALSE	TRUE		2013/12/2
touchofgold	touchofgold	2	Touch Of Gold		touch of gold	Togo Project feat. Frances Maya	125	125	9	94	28	199	44	276					FALSE	FALSE	FALSE	TRUE		2013/12/2
amenootoganijiwoyobu	amenootoganijiwoyobu	3	雨の音が虹を呼ぶ		アメノオトガニジヲヨブ	Barbarian On The Groove feat. 霜月はるか	160	160	12	92	26	203	47	303					FALSE	FALSE	FALSE	TRUE		2013/12/2
kimitomusic	kimitomusic	4	キミとMUSIC		キミトmusic	CooRie	162	162	10	85	26	175	49	326					FALSE	FALSE	FALSE	TRUE		2013/12/2
landingonthemoon	landingonthemoon	5	Landing on the moon		landing on the moon	SIMON	138	138	26	163	33	225	49	308					FALSE	FALSE	FALSE	TRUE		2013/12/2
aqualight	aqualight	6	Aqualight		aqualight	MAYA AKAI	136	136	16	122	34	258	58	378					FALSE	FALSE	FALSE	TRUE		2013/12/2
wanyowanyo	wanyowanyo	7	Wanyo Wanyo		wanyo wanyo	MC Natsack	120	120	14	132	33	234	56	344					FALSE	FALSE	FALSE	TRUE		2013/12/2
lotuslove	lotuslove	8	Lotus Love		lotus love	Maozon	140	140	20	173	36	249	64	358					FALSE	FALSE	FALSE	TRUE		2013/12/3
dirtymouth	dirtymouth	9	Dirty Mouth		dirty mouth	Asletics	128	128	15	137	28	242	59	387					FALSE	FALSE	FALSE	TRUE		2013/12/2
hontonowatashi	hontonowatashi	10	ホントのワタシ		ホントノワタシ	mao	130	130	12	91	26	164	53	295					FALSE	FALSE	FALSE	TRUE		2013/12/2
jahacid	jahacid	11	Jahacid		jahacid	DJ SODEYAMA	125	125	17	126	29	206	59	336					FALSE	FALSE	FALSE	TRUE		2013/12/2
breakyourworld	breakyourworld	12	Break Your World		break your world	RAM	175	175	23	175	34	262	67	488					FALSE	FALSE	FALSE	TRUE	第1回個人戦	2013/12/20
whatiswrongwiththeworld	whatiswrongwiththeworld	13	What Is Wrong With The World		what is wrong with the world	SADA	172	172	26	223	38	320	62	446					FALSE	FALSE	FALSE	TRUE		2013/12/2
binaryoverdrive	binaryoverdrive	14	Binary Overdrive		binary overdrive	フラット3rd	190	190	19	147	39	277	64	459					FALSE	FALSE	FALSE	TRUE		2013/12/2
breakdown	breakdown	15	Break down		break down	GARNiDELiA	182	182	23	178	35	272	59	339					FALSE	FALSE	FALSE	TRUE		2013/12/2
hi	hi	16	Hi		hi	Go-qualia	83	83	19	132	30	173	58	296					FALSE	FALSE	FALSE	TRUE		2013/12/8
otherside	otherside	17	Otherside		otherside	Taishi	132	132	19	145	35	209	58	344					FALSE	FALSE	FALSE	TRUE		2013/12/2
freakwithme	freakwithme	18	Freak With Me		freak with me	SLAKE	130	130	22	180	42	342	65	455					FALSE	FALSE	FALSE	TRUE		2013/12/2
mikakuninxxseimeitai	mikakuninxxseimeitai	19	未確認XX生命体		ミカクニンxxセイメイタイ	民安★ROCK	150	150	19	143	31	231	54	378					FALSE	FALSE	FALSE	TRUE		2013/12/2
loveless	loveless	20	Loveless		loveless	YOSA	123	123	23	164	38	301	60	409					FALSE	FALSE	FALSE	TRUE		2013/12/2
giantkilling	giantkilling	21	Giant Killing		giant killing	R-Lab	140	140	25	177	53	339	71	481					FALSE	FALSE	FALSE	TRUE		2013/12/2
theepic	theepic	22	The Epic		the epic	Cranky	163	163	17	149	40	284	60	421					FALSE	FALSE	FALSE	TRUE		2013/12/2
anomie	anomie	23	Anomie		anomie	D-Fener	144	144	20	191	36	248	61	349					FALSE	FALSE	FALSE	TRUE		2013/12/2
azitate	azitate	24	Azitate		azitate	void	152	152	24	204	55	329	70	536					FALSE	FALSE	FALSE	TRUE		2013/12/2
impact	impact	25	Impact		impact	Tatsh	138	138	24	192	60	397	72	540					FALSE	FALSE	FALSE	TRUE		2013/12/2
saigono1page	saigono1page	26	最後の1ページ		サイゴノ1ページ	桜井零士	127	127	19	154	31	240	57	358					FALSE	FALSE	FALSE	TRUE	第1回個人戦	2013/12/20
crossangel	crossangel	27	Cross+Angel		crossangel	Tatsh feat. 彩音	166	166	27	178	53	319	67	457					FALSE	FALSE	FALSE	TRUE	第1回個人戦	2013/12/20
dazzlingseason	dazzlingseason	28	DAZZLING&#x2661;SEASON		dazzlingseason	jun	180	180	43	250	62	412	80	562					FALSE	FALSE	FALSE	TRUE		2013/12/2
nextfrontier	nextfrontier	29	NEXT FRONTIER		next frontier	NAOKI	150	150	48	363	65	513	82	574					FALSE	FALSE	FALSE	TRUE		2013/12/2
azitateprologue	azitateprologue	30	Azitate	(Prologue Edition)	azitate prologue edition	void	152	152	23	143	52	275	66	377					FALSE	FALSE	FALSE	TRUE	東京ゲームショウ来場特典	2013/12/2
landingonthemooninst	landingonthemooninst	31	Landing on the moon	(Instrumental Version)	landing on the moon instrumental	SIMON	138	138	20	142	34	217	59	318					FALSE	FALSE	FALSE	TRUE	東京ゲームショウ試遊特典	2013/12/2
dynamitesensation	dynamitesensation	32	DYNAMITE SENSATION		dynamite sensation	NAOKI	150	150	26	176	54	276	68	388					FALSE	FALSE	FALSE	TRUE	事前登録特典	2013/12/2
diamondskin	diamondskin	33	DIAMOND SKIN		diamond skin	GLAY	142	142	10	74	26	109	33	187					FALSE	FALSE	FALSE	TRUE		2013/12/2
everkrack	everkrack	34	everKrack		everkrack	GLAY	158	158	18	172	29	204	41	357					FALSE	FALSE	FALSE	TRUE	GLAYキャンペーン	2013/12/6
yuwaku	yuwaku	35	誘惑		ユウワク	GLAY	179	179	15	137	26	193	43	345					FALSE	FALSE	FALSE	TRUE	GLAYキャンペーン	2013/12/9
justicefromguilty	justicefromguilty	36	JUSTICE [from] GUILTY		justice from guilty	GLAY	178	178	15	110	28	183	50	300					FALSE	FALSE	FALSE	TRUE	GLAYキャンペーン	2013/12/11
winteragain	winteragain	37	Winter, again		winter again	GLAY	114	114	14	121	24	161	41	284					FALSE	FALSE	FALSE	TRUE	GLAYキャンペーン	2013/12/13
eternally	eternally	38	Eternally		eternally	GLAY	88	88	12	85	21	125	39	193					FALSE	FALSE	FALSE	TRUE	GLAYキャンペーン	2013/12/20
aerial	aerial	39	エアリアル		エアリアル	カヒーナムジカ	165	165	12	63	28	166	56	389					FALSE	FALSE	FALSE	TRUE	WINTERキャンペーン	2013/12/20
whatiswrongwiththeworldcross	whatiswrongwiththeworldcross	40	What Is Wrong With The World	(Cross Edit)	what is wrong with the world cross edit	SADA	172	172	20	86	43	228	67	356					FALSE	FALSE	FALSE	TRUE	ファミ通App お年玉企画	2014/1/2
remilkyway	remilkyway	41	Re:Milky way		remilky way	イトヲカシ	142	142	13	77	26	192	46	317					FALSE	FALSE	FALSE	TRUE	2014年始ログイン特典	2014/1/1
sundrop	sundrop	42	Sundrop		sundrop	Yamajet	150	150	24	126	47	226	75	441					FALSE	FALSE	FALSE	TRUE	年越し個人戦	2014/1/1
childrenautomaton	childrenautomaton	43	チルドレン・オートマトン	～ある歌声の亡霊～	チルドレンオートマトン	あさまっく	170	170	24	133	41	181	57	292					FALSE	FALSE	FALSE	TRUE	年越し個人戦	2014/1/1
tsukaisutedeadworld	tsukaisutedeadworld	44	ツカイステ・デッドワールド		ツカイステデッドワールド	コゲ犬×ゆちゃ	130	130	21	145	44	276	74	504					FALSE	FALSE	FALSE	TRUE	年越し個人戦	2014/1/6
dennoshojohautahimenoyumewomiruka	dennoshojohautahimenoyumewomiruka	45	電脳少女は歌姫の夢を見るか?		デンノウショウジョハウタヒメノユメヲミルカ	デスおはぎ feat. 蛮	240	240	29	129	57	328	76	488					FALSE	FALSE	FALSE	TRUE	年越し個人戦	2014/1/6
reseed	reseed	46	Reseed		reseed	quick master	201	201	22	122	47	254	63	450					FALSE	FALSE	FALSE	TRUE	年越し個人戦	2014/1/6
romancinggame	romancinggame	47	ロマンシングゲーム		ロマンシングゲーム	まふ×ティン	210	210	28	221	55	379	81	595					FALSE	TRUE	FALSE	TRUE	第1回ランダムセレクト祭	2014/1/16
anotherchance	anotherchance	48	Another Chance		another chance	Luci	174	174	27	132	37	195	73	519					FALSE	TRUE	FALSE	TRUE	第1回ランダムセレクト祭	2014/1/16
headphoneparty	headphoneparty	49	HEADPHONE PARTY		headphone party	A-One	152	152	24	141	32	217	52	372					FALSE	FALSE	FALSE	TRUE	ストアイベント開催記念キャンペーン	2014/1/8
zi	zi	50	Z[i]		zi	Cybermiso	185	185	30	216	57	330	88	542					FALSE	FALSE	FALSE	TRUE		2014/1/8
makeitfresh	makeitfresh	51	Make It Fresh	EDM ver.	make it fresh	HighLux	130	130	11	74	24	191	48	310					FALSE	FALSE	FALSE	TRUE	AppleStoreイベント配布	2014/1/18
aeug	aeug	52	A&times;E&times;U&times;G	-act.1-	aeug	190Cb	95	190	44	303	69	454	90	545					FALSE	TRUE	FALSE	TRUE	第1回ランダムセレクト祭	2014/1/16
rockman	rockman	53	ロックマン	(CUTMAN STAGE)	ロックマン	Remixed by てつ×ねこ	150	150	27	142	48	341	73	532					FALSE	TRUE	FALSE	TRUE	第1回ランダムセレクト祭	2014/1/16
makaimura	makaimura	54	魔界村	(平地BGM)	マカイムラ	Remixed by ARM (IOSYS)	185	185	30	281	50	429	77	607					FALSE	FALSE	FALSE	TRUE	カプコン30周年記念CDコラボイベント	2014/1/30
gyakutensaiban	gyakutensaiban	55	逆転裁判	(綾里真宵 ～逆転姉妹のテーマ)	ギャクテンサイバン	Remixed by OSTER project	128	128	6	59	21	149	46	298					FALSE	FALSE	FALSE	TRUE	カプコン30周年記念CDコラボイベント	2014/1/30
sengokubasara	sengokubasara	56	戦国BASARA	(SENGOKU BASARA)	センゴクbasara	Remixed by SOUND HOLIC	164	164	12	78	37	212	64	462					FALSE	FALSE	FALSE	TRUE	カプコン30周年記念CDコラボイベント	2014/1/30
howtrueisyourlove	howtrueisyourlove	57	How True Is Your Love		how true is your love	brinq	132	132	12	73	25	139	53	330					FALSE	FALSE	FALSE	TRUE	バレンタインキャンペーン	2014/2/5
grandarc	grandarc	58	Grand Arc		grand arc	Tosh	138	138	21	159	38	216	79	459					FALSE	TRUE	FALSE	TRUE	第2回ランダムセレクト祭	2014/1/31
saishukaistory	saishukaistory	59	最終回STORY		サイシュウカイstory	MY FIRST STORY	215	215	18	125	36	259	56	331					FALSE	FALSE	FALSE	TRUE	Next Break Artistコラボ 第1弾	2014/2/17
underworld	underworld	60	Underworld		underworld	ANOTHER STORY	196	196	29	145	46	279	69	473					FALSE	FALSE	FALSE	TRUE	Next Break Artistコラボ 第1弾	2014/2/17
megitsune	megitsune	61	メギツネ		メギツネ	BABYMETAL	95	142	15	70	30	157	49	297					FALSE	FALSE	FALSE	TRUE	Next Break Artistコラボ 第1弾	2014/2/17
nuera	nuera	62	Nu Era		nu era	SPARKER	175	175	22	144	43	222	75	447					FALSE	TRUE	FALSE	TRUE	第3回ランダムセレクト祭	2014/2/26
somedayinst	somedayinst	63	some day	(instrumental)	some day instrumental	NAOKI	155	155	13	107	43	304	77.7	503					FALSE	FALSE	FALSE	TRUE	au未来研究所コラボキャンペーン第1弾	2014/2/26
hagitokonotheme	hagitokonotheme	64	「ハギとこ!」のテーマ		ハギトコノテーマ	ハギー	150	150	12	68	26	141	50	299					FALSE	FALSE	TRUE	TRUE	ハギとこ! コラボキャンペーン	2014/3/4	2016/6/21
touchofgoldremix	touchofgoldremix	65	Touch Of Gold	(Bongo Mango Remix)	touch of gold remix	Togo Project feat. Frances Maya	125	125	17	131	32	202	52	313					FALSE	FALSE	FALSE	TRUE	Touch Of Gold フェスティバル	2014/3/10
daisakkaigarakutasympathy	daisakkaigarakutasympathy	66	大殺界がらくたシンパシー		ダイサッカイガラクタシンパシー	まふまふ	204	204	27	157	36	260	66	500					FALSE	FALSE	FALSE	TRUE	Whte Day杯	2014/3/19
rideonnow	rideonnow	67	RIDE ON NOW!		ride on now	さつき が てんこもり feat. un:c	132	132	27	197	39	265	64	476					FALSE	FALSE	FALSE	TRUE	Whte Day杯	2014/3/19
hokorobishirogirls	hokorobishirogirls	68	ホコロビシロガールズ		ホコロビシロガールズ	むかしばなし	230	230	29	226	57	375	71	584					FALSE	FALSE	FALSE	TRUE	Whte Day杯	2014/3/19
somedayseeyouagain	somedayseeyouagain	69	some day	-see you again-	some day see you again	NAOKI	155	155	22	108	37	185	75	401					FALSE	FALSE	FALSE	TRUE	au未来研究所コラボキャンペーン第1弾	2014/3/19
aqualightremix	aqualightremix	70	Aqualight	(Remix Ver.)	aqualight remix	MAYA AKAI	140	140	22	144	43	267	60	432					FALSE	FALSE	FALSE	TRUE	Aqualight フェスティバル	2014/4/1
wasteland	wasteland	71	Wasteland		wasteland	James Taplin	105	105	4	34	12	80	23	151					FALSE	FALSE	FALSE	TRUE		2014/3/26
whenyoucallmyname	whenyoucallmyname	72	When You Call My Name		when you call my name	Beat Envy	120	120	6	53	14	150	30	211					FALSE	FALSE	FALSE	TRUE		2014/3/26
murasame	murasame	73	Murasame		murasame	Ryunosuke Kudo	130	130	28	170	41	233	76	478					FALSE	TRUE	FALSE	TRUE	第4回ランダムセレクト祭	2014/4/1
sly	sly	74	SLY		sly	RIP SLYME	120	120	11	59	33	230	58	363					FALSE	FALSE	TRUE	TRUE	unBORDEレーベル特集 第1弾	2014/4/14	2016/6/21
yukifuruyorunikissshite	yukifuruyorunikissshite	75	雪降る夜にキスして		ユキフルヨルニキスシテ	バンドじゃないもん!	167	167	13	121	29	198	51	330					FALSE	FALSE	TRUE	TRUE	unBORDEレーベル特集 第1弾	2014/4/14	2016/6/21
ninjarebangbang	ninjarebangbang	76	にんじゃりばんばん		ニンジャリバンバン	きゃりーぱみゅぱみゅ	130	130	8	62	23	221	41	356					FALSE	FALSE	TRUE	TRUE	unBORDEレーベル特集 第1弾	2014/4/14	2016/6/21
fashionmonster	fashionmonster	77	ファッションモンスター		ファッションモンスター	きゃりーぱみゅぱみゅ	160	160	8	74	24	177	39	290					FALSE	FALSE	TRUE	TRUE	なんだこれくしょん特集★	2014/4/17	2016/6/21
furisodation	furisodation	78	ふりそでーしょん		フリソデーション	きゃりーぱみゅぱみゅ	200	200	12	151	24	244	44	360					FALSE	FALSE	TRUE	TRUE	なんだこれくしょん特集★	2014/4/21	2016/6/21
invaderinvader	invaderinvader	79	インベーダーインベーダー		インベーダーインベーダー	きゃりーぱみゅぱみゅ	160	160	10	91	28	226	47	439					FALSE	FALSE	TRUE	TRUE	なんだこれくしょん特集★	2014/4/26	2016/6/21
mottainightland	mottainightland	80	もったいないとらんど		モッタイナイトランド	きゃりーぱみゅぱみゅ	160	160	10	92	26	151	36	185					FALSE	FALSE	TRUE	TRUE	きゃりーぱみゅぱみゅフェスティバル	2014/5/7	2016/6/21
wheresthesilentmajority	wheresthesilentmajority	81	(Where's)THE SILENT MAJORITY?		wheresthe silent majority	高橋優	155	155	17	131	34	237	67	497					FALSE	FALSE	TRUE	TRUE	Next Break Artistコラボ 第2弾	2014/4/28	2016/6/21
parallelspec	parallelspec	82	パラレルスペック		パラレルスペック	ゲスの極み乙女。	138	138	14	154	35	259	61	407					FALSE	FALSE	TRUE	TRUE	Next Break Artistコラボ 第2弾	2014/4/28	2016/6/21
yell	yell	83	エール		エール	FullMooN	130	190	8	72	17	141	52	236					FALSE	FALSE	FALSE	TRUE	Next Break Artistコラボ 第2弾	2014/4/28
sundropremix	sundropremix	84	Sundrop	(Remix ver.)	sundrop remix	Yamajet	150	150	30	155	48	254	79	517					FALSE	TRUE	FALSE	TRUE	第5回ランダムセレクト祭	2014/4/28
nakamawosagashitai	nakamawosagashitai	85	仲間を探したい		ナカマヲサガシタイ	神聖かまってちゃん	135	135	14	99	32	138	53	227					FALSE	FALSE	TRUE	TRUE	unBORDEレーベル特集 第2弾	2014/5/22	2016/6/21
ainochikyusai	ainochikyusai	86	愛の地球祭		アイノチキュウサイ	チームしゃちほこ	127	145	17	98	40	201	59	343					FALSE	FALSE	TRUE	TRUE	unBORDEレーベル特集 第2弾	2014/5/22	2016/6/21
dontstopthemusic	dontstopthemusic	87	Don't Stop The Music	feat. 森高千里	dont stop the music	tofubeats	110	110	17	130	32	170	56	381					FALSE	FALSE	TRUE	TRUE	unBORDEレーベル特集 第2弾	2014/5/22	2016/6/21
fever	fever	88	フィーバー		フィーバー	パスピエ	135	135	28	149	48	317	68	405					FALSE	FALSE	TRUE	TRUE	MIDSUMMER杯	2014/7/14	2016/6/21
gimmechoco	gimmechoco	89	ギミチョコ!!		ギミチョコ	BABYMETAL	220	220	18	97	39	294	70	555					FALSE	FALSE	FALSE	TRUE	BABYMETALキャンペーン	2014/5/22
ijimedamezettai	ijimedamezettai	90	イジメ、ダメ、ゼッタイ		イジメダメゼッタイ	BABYMETAL	160	160	17	130	35	206	66	389					FALSE	FALSE	FALSE	TRUE	BABYMETALキャンペーン	2014/5/22
intothecave	intothecave	91	Into the Cave		into the cave	Jerico	128	128	22	139	44	198	76	519					FALSE	TRUE	FALSE	TRUE	第6回ランダムセレクト祭	2014/5/23
crossshooter	crossshooter	92	CrossShooter		crossshooter	Tatsh	164	164	35	249	60	444	85	705					FALSE	FALSE	FALSE	TRUE	Tatshフェスティバル	2014/6/10
id	id	93	I.D.		id	Tatsh feat. 彩音	153	153	29	162	46	287	72	494					FALSE	FALSE	FALSE	TRUE	Tatshフェスティバル	2014/6/10
addicted	addicted	94	Addicted		addicted	luz×アリエP	194	194	20	108	34	189	52	324					FALSE	FALSE	FALSE	TRUE	June Bride杯	2014/6/26
reanimation	reanimation	95	Reanimation		reanimation	DC feat. S!N	102.5	205	28	152	44	221	70	396					FALSE	FALSE	FALSE	TRUE	June Bride杯	2014/6/26
vespero	vespero	96	Vespero		vespero	Monotone Rhythm feat. 綾川雪弥	143	143	19	172	40	284	61	397					FALSE	FALSE	FALSE	TRUE	June Bride杯	2014/6/26
hypersphere	hypersphere	97	Hypersphere		hypersphere	Dubscribe	70	140	20	156	38	231	73	467					FALSE	TRUE	FALSE	TRUE	第7回ランダムセレクト祭	2014/6/26
summerlove	summerlove	98	サマ★ラブ		サマラブ	コツキミヤ	154	154	19	119	39	270	58	416					FALSE	FALSE	FALSE	TRUE	MIDSUMMER杯	2014/7/14
sunnyday	sunnyday	99	Sunny day		sunny day	センラ×蒼炎P	217	217	23	132	38	185	59	301					FALSE	FALSE	FALSE	TRUE	MIDSUMMER杯	2014/7/14
crisscrosser	crisscrosser	100	Crisscrosser		crisscrosser	void	170	170	37	269	54	410	86	687					FALSE	TRUE	FALSE	TRUE	第8回ランダムセレクト祭	2014/7/20
survival	survival	101	サバイバル		サバイバル	GLAY	158	158	24	172	40	308	65	486					FALSE	FALSE	FALSE	TRUE	GLAYキャンペーン リバイバル	2014/7/18
rebellion	rebellion	102	Rebellion		rebellion	NAOKI underground	150	150	49	329	63	451	91	691					FALSE	FALSE	FALSE	TRUE	NAOKIフェスティバル	2014/8/5
nextfrontiertruerise	nextfrontiertruerise	103	NEXT FRONTIER	-TRUE RISE-	next frontier true rise	NAOKI	150	150	46	400	69	574	89	834					FALSE	FALSE	FALSE	TRUE	NAOKIフェスティバル	2014/8/5
iine	iine	104	いいね!		イイネ	BABYMETAL	160	160	21	109	40	277	81	545					FALSE	FALSE	FALSE	TRUE	BABYMETAL特集	2014/8/21
headbanger	headbanger	105	ヘドバンギャー!!		ヘドバンギャー	BABYMETAL	184.5	184.5	16	89	43	233	66	430					FALSE	FALSE	FALSE	TRUE	BABYMETAL特集	2014/8/21
dazzlingseasonremix	dazzlingseasonremix	106	DAZZLING&#x2661;SEASON	(Darwin Remix)	dazzlingseason remix	jun	180	180	35	303	60	420	82	644					FALSE	TRUE	FALSE	TRUE	第9回ランダムセレクト祭	2014/8/25
amaikotoba	amaikotoba	107	甘い言葉		アマイコトバ	Kenichi Chiba feat. EVO+	125	125	15	104	37	206	60	418					FALSE	FALSE	FALSE	TRUE	SOULFUL☆NIGHT	2014/9/12
nightfeelin	nightfeelin	108	NIGHT FEELIN'		night feelin	マセラティ渚	121.7	121.7	15	103	28	154	46	235					FALSE	FALSE	FALSE	TRUE	SOULFUL☆NIGHT	2014/9/12
voiceofhouse	voiceofhouse	109	Voice Of House		voice of house	DOT96	130	130	18	139	34	237	58	308					FALSE	FALSE	FALSE	TRUE	SOULFUL☆NIGHT	2014/9/12
sapphire	sapphire	110	Sapphire		sapphire	voltex	67.5	67.5	29	138	44	252	81	502					FALSE	TRUE	FALSE	TRUE	第10回ランダムセレクト祭	2014/9/16
drivingstory	drivingstory	111	Driving story		driving story	Duca	180	180	23	99	40	194	66	409					FALSE	FALSE	FALSE	TRUE	ガールズポップ特集 第1弾	2014/10/1
kakuseiawake	kakuseiawake	112	覚醒 &infin; awake!		カクセイ awake	PwD	130	130	17	128	55	328	75	521					FALSE	FALSE	FALSE	TRUE	ガールズポップ特集 第1弾	2014/10/1
omniverse	omniverse	113	Omniverse		omniverse	Atomic	176	176	34	250	52	387	83	560					FALSE	FALSE	FALSE	TRUE	ULTIMATE BEATS 第1弾	2014/10/19
designedworld	designedworld	114	Designed World		designed world	Alinut	150	150	15	118	39	251	68	393					FALSE	FALSE	FALSE	TRUE	ULTIMATE BEATS 第1弾	2014/10/19
nuheat	nuheat	115	Nu Heat		nu heat	Paisley Parks	160	160	29	194	44	293	65	443					FALSE	FALSE	FALSE	TRUE	ULTIMATE BEATS 第1弾	2014/10/19
yukari	yukari	116	YUKARI		yukari	Ocelot	174	174	31	239	50	338	76	545					FALSE	TRUE	FALSE	TRUE	第11回ランダムセレクト祭	2014/10/24
hesperides	hesperides	117	Hesperides		hesperides	xi	200	200	36	227	61	406	92	865					FALSE	FALSE	FALSE	TRUE		2014/10/19
genjitsugenkakuspeedstar	genjitsugenkakuspeedstar	118	現実幻覚スピードスター		ゲンジツゲンカクスピードスター	yozuca*	195	195	17	98	46	318	73	522					FALSE	FALSE	FALSE	TRUE	ガールズポップ特集 第2弾	2014/11/10
overlap	overlap	119	オーバーラップ		オーバーラップ	millie loved by yksb	136	136	17	111	30	190	51	281					FALSE	FALSE	FALSE	TRUE	ガールズポップ特集 第2弾	2014/11/10
garnethowl	garnethowl	120	GARNET HOWL		garnet howl	フラット3rd	188	188	26	163	46	309	70	539					FALSE	TRUE	FALSE	TRUE	第12回ランダムセレクト祭	2014/11/16
brandnew	brandnew	121	BRAND NEW		brand new	Headphone-Tokyo** feat. カヒーナ	186	186	9	84	39	190	66	389					FALSE	FALSE	FALSE	TRUE	Headphone-Tokyo**特集	2014/12/4
iluminaregalo	iluminaregalo	122	イルミナレガロ		イルミナレガロ	Headphone-Tokyo** feat. MiLO	118	118	10	76	25	126	46	260					FALSE	FALSE	FALSE	TRUE	Headphone-Tokyo**特集	2014/12/4
breakdown2nd	breakdown2nd	123	Break down	(2nd Edition)	break down 2nd	GARNiDELiA	182	182	34	158	64	354	74	455					FALSE	TRUE	FALSE	TRUE	第13回ランダムセレクト祭	2014/12/11
zankyonoakasha	zankyonoakasha	124	残響のアカーシャ		ザンキョウノアカーシャ	Astilbe × arendsii	140	140	18	174	38	262	57	440					FALSE	FALSE	FALSE	TRUE	クリスマス杯	2014/12/30
deepoutside	deepoutside	125	Deep Outside		deep outside	Seiho	125	125	18	108	34	155	63	366					FALSE	FALSE	FALSE	TRUE	クリスマス杯	2014/12/30
akatsuki	akatsuki	126	AKATSUKI		akatsuki	NAOKI underground	140	140	26	168	58	307	84	619					FALSE	TRUE	FALSE	TRUE	第14回ランダムセレクト祭	2014/12/30
thelastmissileman	thelastmissileman	127	the Last Missile Man		the last missile man	adHoc World	182	182	16	135	38	249	59	384					FALSE	FALSE	FALSE	TRUE	NEW YEARフェスティバル	2015/1/14
frgmnts	frgmnts	128	Frgmnts		frgmnts	Nyolfen	135	135	33	203	63	363	74	435					FALSE	TRUE	FALSE	TRUE	第15回ランダムセレクト祭	2015/1/19
hopesbright	hopesbright	129	Hopes Bright		hopes bright	WHITE ASH	98	98	10	75	25	180	40	293					FALSE	FALSE	FALSE	TRUE	Next Break Artistコラボ 第3弾	2015/2/6
flowerwall	flowerwall	130	Flowerwall		flowerwall	米津玄師	90	90	7	66	20	114	36	317					FALSE	FALSE	FALSE	TRUE	Next Break Artistコラボ 第3弾	2015/2/6
intothecaveanother	intothecaveanother	131	Into the Cave	(Another Edit)	into the cave another edit	Jerico	145	163	31	161	57	321	88	682					FALSE	TRUE	FALSE	TRUE	第16回ランダムセレクト祭	2015/2/7
sonzaikyodotai	sonzaikyodotai	132	ソンザイキョウドウタイ		ソンザイキョウドウタイ	ジギル	180	180	26	154	40	264	59	371					FALSE	FALSE	FALSE	TRUE	白雪杯	2015/2/27
mosozenkai	mosozenkai	133	妄想全開		モウソウゼンカイ	志麻×ふぉP	190	190	16	119	26	148	54	430					FALSE	FALSE	FALSE	TRUE	白雪杯	2015/2/27
perfectionism	perfectionism	134	Perfectionism		perfectionism	高橋渉 feat. 2d6	188	188	39	250	64	439	78	545					FALSE	TRUE	FALSE	TRUE	第17回ランダムセレクト祭	2015/3/4
tokyo	tokyo	135	tokyo		tokyo	Headphone-Tokyo** feat. nayuta	132	132	15	134	33	352	71	508					FALSE	FALSE	FALSE	TRUE	Headphone-Tokyo**特集 第2弾	2015/3/23
reuniverse	reuniverse	136	Reuniverse		reuniverse	Headphone-Tokyo** feat. カヒーナ	86	86	14	68	23	117	41	268					FALSE	FALSE	FALSE	TRUE	Headphone-Tokyo**特集 第2弾	2015/3/23
cosmology	cosmology	137	Cosmology		cosmology	RIC	145	145	36	226	64	414	87	584					FALSE	TRUE	FALSE	TRUE	第18回ランダムセレクト祭	2015/3/28
voiceofhouseremix	voiceofhouseremix	138	VOICE OF HOUSE	(96TH RETROMAN REMIX)	voice of house remix	DOT96	130	130	14	121	38	257	67	386					FALSE	FALSE	FALSE	TRUE	SUPER REMIX特集	2015/4/16
wannabeyourspecialremix	wannabeyourspecialremix	139	Wanna Be Your Special	(Remix ver.)	wanna be your special remix	Shoichiro Hirata feat. SUIMI	137	137	26	131	41	257	69	463					FALSE	FALSE	FALSE	TRUE	SUPER REMIX特集	2015/4/16
strangediva	strangediva	140	ストレンジ・ディーヴァ		ストレンジディーウァ	麹町養蚕館	128	128	12	82	28	167	55	275					FALSE	FALSE	FALSE	TRUE	GWフェスティバル	2015/4/28
anomieremix	anomieremix	141	Anomie	(Axiom Style)	anomie remix	D-Fener	144	144	16	93	43	250	84	690					FALSE	TRUE	FALSE	TRUE	第19回ランダムセレクト祭	2015/4/28
okonikukod	okonikukod	142	OKONIKUKOD		okonikukod	SHU OKUYAMA	122	122	26	119	45	197	67	327					FALSE	FALSE	FALSE	TRUE	ULTIMATE BEATS 第2弾	2015/5/16
assign	assign	143	Assign		assign	MASAYASU	122	122	26	156	43	235	61	310					FALSE	FALSE	FALSE	TRUE	ULTIMATE BEATS 第2弾	2015/5/16
grandarcremix	grandarcremix	144	Grand Arc	(Club Remix)	grand arc remix	Tosh	138	138	24	210	41	229	73	427					FALSE	TRUE	FALSE	TRUE	第20回ランダムセレクト祭	2015/5/22
bizonzonzombi	bizonzonzombi	145	Bi-Zon Zon Zombi		bizon zon zombi	MC Natsack	100	100	16	90	33	213	63	576					FALSE	FALSE	FALSE	TRUE	EARLY SUMMER杯	2015/6/15
wonderful	wonderful	146	Wonderful		wonderful	Fraz	125	125	14	134	29	231	48	267					FALSE	FALSE	FALSE	TRUE	EARLY SUMMER杯	2015/6/15
days	days	147	Days		days	Kent Alexander	130	130	38	231	59	326	81	546					FALSE	TRUE	FALSE	TRUE	第21回ランダムセレクト祭	2015/6/19
designedworldremix	designedworldremix	148	Designed World	(Remix ver.)	designed world remix	Alinut	126	126	25	201	43	313	68	408					FALSE	FALSE	FALSE	TRUE	SUPER REMIX特集 第2弾	2015/7/8
theepicintroduction	theepicintroduction	149	The Epic	-Introduction-	the epic introduction	Cranky	50	163	22	111	37	190	65	355					FALSE	FALSE	FALSE	TRUE	SUPER REMIX特集 第2弾	2015/7/8
kingstun	kingstun	150	KING STUN		king stun	JUPITRIS	165	165	38	310	63	461	74	566					FALSE	TRUE	FALSE	TRUE	第22回ランダムセレクト祭	2015/7/13
picorasete	picorasete	151	ピコラセテ		ピコラセテ	TORIENA	155	155	15	135	35	320	57	537					FALSE	FALSE	FALSE	TRUE	REV.稼働記念フェスティバル	2015/7/31
kaminoko	kaminoko	152	kaminoko		kaminoko	HAKKYOU-KUN	137	137	40	287	62	380	78	546					FALSE	TRUE	FALSE	TRUE	第23回ランダムセレクト祭	2015/8/4
mercury	mercury	153	MERCURY		mercury	E.Z.M	135	135	14	75	35	325	66	494					FALSE	FALSE	FALSE	TRUE	ULTIMATE BEATS 第3弾	2015/8/24
isinglass	isinglass	154	Isinglass		isinglass	voltex	126.3	126.3	25	123	44	311	80	540					FALSE	FALSE	FALSE	TRUE	ULTIMATE BEATS 第3弾	2015/8/24
splash	splash	155	SPLASH		splash	MAYA AKAI	132	132	26	173	50	321	71	523					FALSE	TRUE	FALSE	TRUE	第24回ランダムセレクト祭	2015/8/28
everwhite	everwhite	156	EverWhite		everwhite	satella	129	129	20	110	31	263	58	480					FALSE	FALSE	FALSE	TRUE	エレクトロ☆ポップ特集	2015/9/16
dreaminggirl	dreaminggirl	157	Dreaming Girl		dreaming girl	Nor	155	155	19	126	35	188	54	323					FALSE	FALSE	FALSE	TRUE	エレクトロ☆ポップ特集	2015/9/16
hisui	hisui	158	Hisui		hisui	stereoberry	134	134	22	159	47	286	70	488					FALSE	TRUE	FALSE	TRUE	第25回ランダムセレクト祭	2015/9/21
sundayrevenge	sundayrevenge	159	SUNDAY リベンジ		sunday リベンジ	HAPPY SUNDAY	130	130	18	91	29	179	46	310					FALSE	FALSE	FALSE	TRUE	HAPPY SONG特集	2015/10/12
startingstation	startingstation	160	starting station		starting station	happy machine	146	146	17	134	31	232	54	416					FALSE	FALSE	FALSE	TRUE	HAPPY SONG特集	2015/10/12
eschatology	eschatology	161	エスカトロジィ		エスカトロジィ	MozSound	200	200	36	211	57	299	77	483					FALSE	TRUE	FALSE	TRUE	第26回ランダムセレクト祭	2015/10/23
virtualrealitycontroller	virtualrealitycontroller	162	Virtual Reality Controller		virtual reality controller	フラット3rd	174	174	15	122	35	286	63	401					FALSE	FALSE	FALSE	TRUE	RISING STAR ARTISTS 第1弾	2015/11/19
timelessencode	timelessencode	163	Timeless encode		timeless encode	Vice Principal	115	115	16	117	33	336	72	616					FALSE	FALSE	FALSE	TRUE	RISING STAR ARTISTS 第1弾	2015/11/19
dangantohoshizora	dangantohoshizora	164	弾丸と星空		ダンガントホシゾラ	HAKKYOU-KUN	160	160	28	190	58	359	81	645					FALSE	TRUE	FALSE	TRUE	第27回ランダムセレクト祭	2015/11/21
sodamachine	sodamachine	165	Soda Machine		soda machine	Syntax Error	67.5	135	20	124	40	182	65	344					FALSE	FALSE	FALSE	TRUE	ATTACK THE MUSIC特集	2015/12/12
moonrise	moonrise	166	Moonrise		moonrise	Relect	170	170	21	185	38	282	58	537					FALSE	FALSE	FALSE	TRUE	ATTACK THE MUSIC特集	2015/12/12
ionization	ionization	167	IONIZATION		ionization	llliiillliiilll	185	185	17	102	34	259	70	467					FALSE	FALSE	FALSE	TRUE	クリスマス杯2015	2015/12/26
dreaminofyou	dreaminofyou	168	DREAMIN' OF YOU	feat. コッテル	dreamin of you	Arts Of Collective	109	109	14	93	37	230	65	346					FALSE	FALSE	FALSE	TRUE	クリスマス杯2015	2015/12/26
senpaislam	senpaislam	169	Senpai Slam		senpai slam	千π	177	177	38	219	54	340	77	564					FALSE	TRUE	FALSE	TRUE	第28回ランダムセレクト祭	2015/12/26
kotobuki	kotobuki	170	KOTOBUKI		kotobuki	REVen-G	70	280	32	235	71	433	90	686					FALSE	TRUE	FALSE	TRUE	第28回ランダムセレクト祭	2015/12/31
stardust	stardust	171	STARDUST	(game edit)	star dust	MINIKOMA★	135	135	19	146	33	233	64	613					FALSE	FALSE	FALSE	TRUE	NEW YEARフェスティバル2016	2016/1/14
astaroth	astaroth	172	ASTAROTH		astaroth	JUPITRIS	150	150	23	169	40	258	74	460					FALSE	TRUE	FALSE	TRUE	第29回ランダムセレクト祭	2016/1/22
nightmares	nightmares	173	nightmares		nightmares	Seeds of the Upcoming Infection	180	180	20	150	49	350	73	542					FALSE	FALSE	FALSE	TRUE	ATTACK THE MUSIC特集 第2弾	2016/2/15
defaultaffinity	defaultaffinity	174	default affinity		default affinity	JTTR	170	170	21	102	33	179	48	262					FALSE	FALSE	FALSE	TRUE	ATTACK THE MUSIC特集 第2弾	2016/2/15
comearound	comearound	175	Come Around		come around	MesoPhunk	175	175	38	221	56	408	83	661					FALSE	TRUE	FALSE	TRUE	第30回ランダムセレクト祭	2016/2/19
bassantics	bassantics	176	BASS ANTICS		bass antics	Mitomoro	220	220	20	148	32	241	66	483					FALSE	FALSE	FALSE	TRUE	ULTIMATE BEATS 第4弾	2016/3/10
dokiblaster	dokiblaster	177	Doki Blaster		doki blaster	VOIA	155	155	15	128	23	177	67	380					FALSE	FALSE	FALSE	TRUE	ULTIMATE BEATS 第4弾	2016/3/10
raiseyourhandz	raiseyourhanz	178	Raise Your Handz!		raise your handz	KO3 &amp; Relect	150	150	23	134	55	344	75	674					FALSE	TRUE	FALSE	TRUE	第31回ランダムセレクト祭	2016/3/15
cloudstepping	cloudstepping	179	cloudstepping		cloudstepping	Ryuno	148	148	13	78	25	124	47	244					FALSE	FALSE	FALSE	TRUE	エレクトロ☆ポップ特集 第2弾	2016/4/8
bouledeberlin	bouledeberlin	180	boule de berlin		boule de berlin	JTTR	160	160	19	143	30	246	57	396					FALSE	FALSE	FALSE	TRUE	エレクトロ☆ポップ特集 第2弾	2016/4/8
crystalribbon	crystalribbon	181	Crystal Ribbon		crystal ribbon	Cosine	175	175	37	302	56	431	81	803					FALSE	TRUE	FALSE	TRUE	第32回ランダムセレクト祭	2016/4/28
konen	konen	182	光年	(konen)	コウネン	小野秀幸	174	174	21	156	40	312	66	507					FALSE	FALSE	FALSE	TRUE	SUNRISE カウントダウン記念杯	2016/4/23
humannature	humannature	183	Human Nature		human nature	Z pinkpong	128	128	14	95	24	144	53	252					FALSE	FALSE	FALSE	TRUE	SUNRISE カウントダウン記念杯	2016/4/23
ste	ste	184	S.T.E		ste	Tatsh	154	154	30	248	58	363	87	678					FALSE	TRUE	FALSE	TRUE	第32回ランダムセレクト祭	2016/5/3
flameup	flameup	185	Flame Up		flame up	Inu Machine	138	138	18	111	36	232	57	359					FALSE	FALSE	FALSE	TRUE	SUNRISE 稼働記念杯	2016/5/23
harmony	harmony	186	Harmony		harmony	ピクセルビー	170	170	20	115	36	187	49	293					FALSE	FALSE	FALSE	TRUE	SUNRISE 稼働記念杯	2016/5/23
codeparadiso	codeparadiso	187	Code Paradiso		code paradiso	Himmel	150	150	29	160	55	327	70	508					FALSE	TRUE	FALSE	TRUE	第33回ランダムセレクト祭	2016/5/27
indigoisle	indigoisle	188	Indigo Isle		indigo isle	Syntax Error	130	130	17	99	33	195	50	292					FALSE	FALSE	FALSE	TRUE	EARLY SUMMER杯 2016	2016/6/16
free	free	189	Free		free	千π	180	180	19	145	39	268	69	479					FALSE	FALSE	FALSE	TRUE	EARLY SUMMER杯 2016	2016/6/16
brave	brave	190	BRAVE		brave	Ryuno	165	165	35	261	60	360	82	647					FALSE	TRUE	FALSE	TRUE	第34回ランダムセレクト祭	2016/6/24
miiro	miiro	191	海色		ミイロ	AKINO from bless4	195	195	12	61	24	138	58	343					FALSE	FALSE	FALSE	TRUE		2016/6/21
killykillyjoker	killykillyjoker	192	killy killy JOKER		killy killy joker	分島花音	180	180	10	78	23	121	63	429					FALSE	FALSE	FALSE	TRUE		2016/6/21
hakuchonomizuumi	hakuchonomizuumi	193	白鳥の湖	(Short Remix)	ハクチョウノミズウミ	－	120	120	3	25	15	92	35	184					FALSE	FALSE	FALSE	TRUE		2016/6/21
turkeykoshinkyoku	turkeykoshinkyoku	194	トルコ行進曲	(Short Remix)	トルココウシンキョク	－	134	134	6	44	20	114	48	244					FALSE	FALSE	FALSE	TRUE		2016/6/21
bizonzonzombimorezombies	bizonzonzombimorezombies	195	Bi-Zon Zon Zombi	(More Zombies Ver.)	bizon zon zombi more zombies	MC Natsack	100	100	13	122	27	227	68	456					FALSE	FALSE	FALSE	TRUE	SUPER REMIX特集 第3弾	2016/7/21
konenremix	konenremix	196	光年	(konen) -Remix Ver.-	コウネン remix	小野秀幸	174	174	21	187	43	368	73	589					FALSE	FALSE	FALSE	TRUE	SUPER REMIX特集 第3弾	2016/7/21
picoraseteinstrumental	picoraseteinstrumental	197	ピコラセテ	(Instrumental Ver.)	ピコラセテ instrumental version	TORIENA	160	160	28	210	53	419	80	670					FALSE	TRUE	FALSE	TRUE	第35回ランダムセレクト祭	2016/7/22
machine	machine	198	Machine		machine	Sparky	140	140	12	174	28	309	72	576					FALSE	FALSE	FALSE	TRUE	ULTIMATE BEATS 第5弾	2016/8/17
alwaysthinkingofyou	alwaysthinkingofyou	199	Always Thinking Of You		always thinking of you	Sketchout	130	130	13	114	27	187	49	308					FALSE	FALSE	FALSE	TRUE	ULTIMATE BEATS 第5弾	2016/8/17
tooomany	tooomany	200	Tooo Many		tooo many	S3RL	200	200	30	180	51	371	77	593					FALSE	TRUE	FALSE	TRUE	第36回ランダムセレクト祭	2016/8/18
alluneed	alluneed	201	All U Need		all u need	MesoPhunk	175	175	14	145	35	323	71	631					FALSE	FALSE	FALSE	TRUE	GIRLS DANCE PARTY!!	2016/9/10
dontwalkaway	dontwalkaway	202	Don't Walk Away		dont walk away	Sarah-Jane	133	133	13	114	34	275	69	507					FALSE	FALSE	FALSE	TRUE	GIRLS DANCE PARTY!!	2016/9/10
overtheblue	overtheblue	203	Over The Blue	(Breaking Through)	over the blue	Fracus &amp; Darwin Feat. Jenna	175	175	33	150	57	302	82	524					FALSE	TRUE	FALSE	TRUE	第37回ランダムセレクト祭	2016/9/16
sugarsongtobitterstep	sugarsongtobitterstep	204	シュガーソングとビターステップ		シュガーソングトビターステップ	UNISON SQUARE GARDEN	132	132	17	116	30	185	42	303					FALSE	FALSE	FALSE	TRUE		2016/9/13
breakaspell	breakaspell	205	Break a spell		break a spell	川田まみ	175	175	15	79	31	183	45	217					FALSE	FALSE	FALSE	TRUE		2016/9/13
xencounter	xencounter	206	X-encounter		x-encounter	黒崎真音	138	138	20	79	32	171	52	269					FALSE	FALSE	FALSE	TRUE		2016/9/13
dob	dob	207	D.O.B.		d.o.b.	野水いおり	162	162	17	97	31	215	46	320					FALSE	FALSE	FALSE	TRUE		2016/9/13
show	show	208	掌	-show-	ショウ	喜多村英梨	210	210	18	92	35	150	51	269					FALSE	FALSE	FALSE	TRUE		2016/9/13
innerurge	innerurge	209	Inner Urge		inner urge	上坂すみれ	135	135	22	155	36	226	48	276					FALSE	FALSE	FALSE	TRUE		2016/9/13
vivid	vivid	210	ViViD		vivid	May'n	205	205	16	83	35	173	55	301					FALSE	FALSE	FALSE	TRUE		2016/9/13
unfinished	unfinished	211	→unfinished→		unfinished	KOTOKO	146	146	16	84	32	160	50	274					FALSE	FALSE	FALSE	TRUE		2016/9/13
lightmyfire	lightmyfire	212	Light My Fire		light my fire	KOTOKO	186	186	26	132	33	237	54	370					FALSE	FALSE	FALSE	TRUE		2016/9/13
wego	wego	213	WE GO		we go	BREAKERZ	205	205	18	126	34	300	54	372					FALSE	FALSE	FALSE	TRUE		2016/9/13
memories	memories	214	メモリーズ		メモリーズ	GRANRODEO	190	190	15	95	28	190	43	277					FALSE	FALSE	FALSE	TRUE		2016/9/13
flameupremix	flameupremix	215	Flame Up	(Remix Ver.)	flame up remix	Inu Machine	138	138	17	133	24	231	59	392					FALSE	FALSE	FALSE	TRUE	Flame Up フェスティバル	2016/10/8
funkybabyevolution	funkybabyevolution	216	FUNKYBABY EVOLUTION		funkybaby evolution	Yamajet	135	135	21	151	34	272	56	385					FALSE	FALSE	FALSE	TRUE	Yamajet フェスティバル	2016/10/19
superluminalgirlrebirth	superluminalgirlrebirth	217	SuperLuminalGirl Rebirth		superluminalgirl rebirth	Yamajet feat. 小宮真央	174	174	15	95	32	217	59	449					FALSE	FALSE	FALSE	TRUE	Yamajet フェスティバル	2016/10/19
buffetsurvivor	buffetsurvivor	218	Buffet survivor		buffet survivor	Yamajet feat. Cathy &amp; TEA	200	200	38	281	55	413	68	626					FALSE	TRUE	FALSE	TRUE	第38回ランダムセレクト祭	2016/10/21
resonance	resonance	219	Resonance		resonance	RAM	140	140	17	103	32	197	64	373					FALSE	FALSE	FALSE	TRUE	DANCE BEATS PARTY!!	2016/11/10
burninginside	burninginside	220	Burning Inside		burning inside	Nhato	143	143	18	159	28	195	60	424					FALSE	FALSE	FALSE	TRUE	DANCE BEATS PARTY!!	2016/11/10
rhythmgamemachine	rhythmgamemachine	221	RHYTHM GAME MACHINE		rhythm game machine	ginkiha	171	200	37	288	56	503	78	728					FALSE	TRUE	FALSE	TRUE	第39回ランダムセレクト祭	2016/11/18
dispel	dispel	222	dispel		dispel	Endorfin.	185	185	28	168	48	299	80	571					FALSE	TRUE	FALSE	TRUE	第39回ランダムセレクト祭	2016/11/23
buzzketos	buzzketos	223	BUZZ Ketos		buzz ketos	フラット3rd	134	134	18	156	33	251	58	335					FALSE	FALSE	FALSE	TRUE	3rd ANNIVERSARYキャンペーン	2016/11/12
sangeyasya	sangeyasya	224	Sangeyasya		sangeyasya	NNNNNNNNNN	210	210	27	173	47	360	85	736					FALSE	FALSE	FALSE	TRUE	3周年記念杯	2016/12/7
interstellarplazma	interstellarplazma	225	Interstellar Plazma		interstellar plazma	KO3	178	178	25	125	42	308	77	701					FALSE	FALSE	FALSE	TRUE	3周年記念杯	2016/12/7
ultrix	ultrix	226	ULTRiX		ultrix	sky_delta	180	180	27	160	45	270	76	509					FALSE	FALSE	FALSE	TRUE	クリスマス杯2016	2016/12/25
metronight	metronight	227	Metro Night		metro night	ginkiha	135	135	20	132	44	362	71	614					FALSE	FALSE	FALSE	TRUE	クリスマス杯2016	2016/12/25
cloudburst	cloudburst	228	Cloudburst		cloudburst	Relect	160	160	37	250	66	350	74	621					FALSE	TRUE	FALSE	TRUE	第40回ランダムセレクト祭	2016/12/25
fortissimo	fortissimo	229	フォルテシモ		フォルテシモ	らむだーじゃん	182	182	20	100	37	246	53	346					FALSE	FALSE	FALSE	TRUE	年越しキャンペーン	2016/12/20
hallucinationxxx	hallucinationxxx	230	Hallucination XXX		hallucination xxx	t+pazolite	220	220	40	278	52	389	87	777					FALSE	TRUE	FALSE	TRUE	第40回ランダムセレクト祭	2016/12/31
filamentflow	filamentflow	231	Filament Flow		filament flow	Endorfin.	159	159	23	135	38	326	63	481					FALSE	FALSE	FALSE	TRUE	NEW YEARフェスティバル2017	2017/1/13
curseofdoll	curseofdoll	232	Curse of Doll		curse of doll	KO3	130	130	22	196	36	326	74	574					FALSE	TRUE	FALSE	TRUE	第41回ランダムセレクト祭	2017/1/21
faraway	faraway	233	Faraway		faraway	ミフメイ	143	143	23	154	36	280	60	378					FALSE	FALSE	FALSE	TRUE	バレンタインフェスティバル	2017/2/15
hsp	hsp	234	H.S.P	(Hard Style Party)	hsp	Ravine &amp; Tom Budin	135	135	12	81	25	161	69	371					FALSE	TRUE	FALSE	TRUE	第42回ランダムセレクト祭	2017/2/23
onlyl	onlyl	235	only L		only l	emon	128	128	21	109	32	231	56	331					FALSE	FALSE	FALSE	TRUE	ガールズポップ特集 第3弾	2017/3/14
takeitback	takeitback	236	Take It Back		take it back	Daniel Seven	175	175	20	146	38	259	65	452					FALSE	TRUE	FALSE	TRUE	第43回ランダムセレクト祭LIGHT	2017/3/25
nekofunjatta	nekofunjatta	237	ネコふんじゃった☆	(クローニャSTYLE)	ネコフンジャッタ	－	125	150	22	147	34	238	57	513					FALSE	FALSE	FALSE	TRUE	ハッピー★イースター	2017/4/26
chipnotcheducation	chipnotcheducation	238	Chip Notch Educ@tion		chip notch education	yaseta feat. chip_Notch	155	155	27	138	34	210	61	340					FALSE	FALSE	FALSE	TRUE	ハッピー★イースター	2017/4/26
fartherstend	fartherstend	239	FarthestEnd		fathestend	Sakuzyo	132	132	30	265	56	447	78	739					FALSE	TRUE	FALSE	TRUE	第44回ランダムセレクト祭	2017/4/27
adverseeffect	adverseeffect	240	Adverse Effect		adverse effect	Rin	183	183	15	98	48	262	71	482					FALSE	FALSE	FALSE	TRUE	新緑杯	2017/5/19
planetcalling	planetcalling	241	Planet Calling		planet calling	Nyolfen	135	135	17	99	36	195	49	341					FALSE	FALSE	FALSE	TRUE	新緑杯	2017/5/19
theblademaster	theblademaster	242	The Blade Master		the blade master	mikashu	200	200	28	114	38	255	63	376					FALSE	FALSE	FALSE	TRUE		2017/5/25
southwind	southwind	243	South wind		south wind	moimoi	123	123	18	132	27	212	57	343					FALSE	FALSE	FALSE	TRUE		2017/5/25
ryuseidemocracy	ryuseidemocracy	244	流星デモクラシー		リュウセイデモクラシー	kamejack	147	147	21	124	32	258	59	573					FALSE	FALSE	FALSE	TRUE		2017/5/25
tayutai	tayutai	245	t&Delta;yut&Delta;i		tayutai	ミフメイ	161	161	26	213	35	319	72	587					FALSE	TRUE	FALSE	TRUE	第45回ランダムセレクト祭	2017/5/25
milkywaytrip	milkywaytrip	246	Milky Way Trip		milky way trip	Nor	160	160	22	150	31	290	60	494					FALSE	FALSE	FALSE	TRUE	EARLY SUMMER杯 2017	2017/6/13
cash	cash	247	Cash!		cash	Nor	160	160	19	159	25	189	64	382					FALSE	FALSE	FALSE	TRUE	EARLY SUMMER杯 2017	2017/6/13
ariel	ariel	248	Ariel		ariel	nanobii	175	175	19	138	32	269	64	446					FALSE	FALSE	FALSE	TRUE	instrumental特集	2017/6/26
phoenix	phoenix	249	Phoenix		phoenix	U	132	132	23	196	37	297	74	514					FALSE	FALSE	FALSE	TRUE	instrumental特集	2017/6/26
theepiphanyofhardcore	theepiphanyofhardcore	250	The Epiphany of Hardcore		the epiphany of hardcore	SOTUI	175	175	15	124	30	224	70	488					FALSE	TRUE	FALSE	TRUE	第46回ランダムセレクト祭	2017/6/26
hoshitachinomelody	hoshitachinomelody	251	星達のメロディ		ホシタチノメロディ	ゆいこんぬ	182	182	16	92	36	227	48	324					FALSE	FALSE	FALSE	TRUE		2017/7/15
thisishdm	thisishdm	252	THIS IS HDM		this is hdm	Relect	150	150	23	142	37	278	60	476					FALSE	FALSE	FALSE	TRUE		2017/7/15
pyromania	pyromania	253	Pyromania		pyromania	KO3	128	128	22	90	42	276	70	460					FALSE	FALSE	FALSE	TRUE		2017/7/15
sayonarasaishuressha	sayonarasaishuressha	254	さよなら最終列車		サヨナラサイシュウレッシャ	むかしばなし	210	210	20	115	34	248	53	334					FALSE	FALSE	FALSE	TRUE		2017/7/15
yukanitout	yukanitout	255	勇敢 i tout		ユウカン i tout	kemejack	150	150	22	229	33	348	78	574					FALSE	TRUE	FALSE	TRUE	第47回ランダムセレクト祭	2017/7/27
silburysign	silburysign	256	Silbury Sign		silbury sign	カヒーナムジカ	173	173	20	88	35	221	54	311					FALSE	FALSE	FALSE	TRUE		2017/8/10
miraihenoprelude	miraihenoprelude	257	未来へのプレリュード		ミライヘノプレリュード	カヒーナムジカ	175	175	21	156	35	219	66	473					FALSE	TRUE	FALSE	TRUE	Headphone-Tokyo**特集	2017/8/21
counterstop	counterstop	258	カウンターストップ		カウンターストップ	フラット3rd	145	145	29	234	34	337	71	485					FALSE	TRUE	FALSE	TRUE	Headphone-Tokyo**特集	2017/8/21
silverd	silverd	259	Silverd		silverd	Feryquitous	145	145	28	243	40	389	69	615					FALSE	TRUE	FALSE	TRUE	第48回ランダムセレクト祭	2017/8/24
orbitalvelocity	orbitalvelocity	260	Orbital velocity		orbital velocity	Vice Principal	225	225	20	145	38	279	62	471					FALSE	FALSE	FALSE	TRUE		2017/9/1
regenerationray	regenerationray	261	Regeneration ray		regeneration ray	Tsukasa	142	142	19	122	38	186	56	305					FALSE	FALSE	FALSE	TRUE		2017/9/1
bokuhakiminoagitatorjanai	bokuhakiminoagitatorjanai	262	僕は君のアジテーターじゃない	feat. Neru	ボクハキミノアジテータージャナイ	焚吐	245	245	23	151	34	322	55	383					FALSE	FALSE	FALSE	TRUE		2017/9/15
kimitoyaju	kimitoyaju	263	君と野獣		キミトヤジュウ	バンドハラスメント	196	196	24	124	31	278	57	370					FALSE	FALSE	FALSE	TRUE		2017/9/15
lifeinavideogame	lifeinavideogame	264	Life In A Video Game		life in a video game	Bentobox	175	175	21	227	37	353	62	534					FALSE	TRUE	FALSE	TRUE	DIGITAL DANCE NIGHT	2017/9/20
loseyourmind	loseyourmind	265	Lose Your Mind		lose your mind	Vau Boy	170	170	20	269	30	428	71	587					FALSE	TRUE	FALSE	TRUE	DIGITAL DANCE NIGHT	2017/9/20
neversleepagain	neversleepagain	266	Never Sleep Again		never sleep again	PassCode	155	200	26	178	32	299	65	476					FALSE	FALSE	FALSE	TRUE		2017/9/22
kanojonomodern	kanojonomodern	267	彼女の“Modern…”	CROSS×BEATS Remix	カノジョノmodern	GLAY	159	159	20	231	32	279	56	400					FALSE	FALSE	FALSE	TRUE		2017/9/22
distantmemory	distantmemory	268	Distantmemory		distantmemory	村瀬悠太	138	138	20	142	30	272	68	493					FALSE	TRUE	FALSE	TRUE	第49回ランダムセレクト祭	2017/9/28
14thclock	14thclock	269	14th Clock		14th clock	INNOCENT NOIZE	135	135	24	192	50	405	75	609					FALSE	FALSE	FALSE	TRUE		2017/10/13
darkparashu	darkparashu	270	Dark Parashu		dark parashu	INNOCENT NOIZE	175	175	26	204	39	358	70	576					FALSE	FALSE	FALSE	TRUE		2017/10/13
hervor	hervor	271	Hervor		hervor	INNOCENT NOIZE	170	170	28	240	39	339	76	662					FALSE	FALSE	FALSE	TRUE		2017/10/13
keraunos	keraunos	272	Keraunos		keraunos	Xiphoid Sphere (xi + siromaru)	180	180	25	208	52	412	79	657					FALSE	TRUE	FALSE	TRUE	第50回ランダムセレクト祭	2017/10/28
yumemirufune	yumemirufune	273	ユメミル船		ユメミルフネ	yozuca*	179	179	12	102	35	183	59	416					FALSE	FALSE	FALSE	TRUE		2017/11/11
rearhythm	rearhythm	274	Rearhythm		rearhythm	CooRie	170	170	17	123	32	247	52	401					FALSE	FALSE	FALSE	TRUE		2017/11/11
switch	switch	275	SW!TCH		switch	千π &amp; MesoPhunk	175	175	16	151	35	303	69	545					FALSE	TRUE	FALSE	TRUE	Electro Diving	2017/11/27
kyorancelebration	kyorancelebration	276	狂乱セレブレーション		キョウランセレブレーション	Yamajet	190	190	20	177	42	404	65	609					FALSE	TRUE	FALSE	TRUE	狂乱セレブレーションをゲットしよう!	2017/11/27
megalomania	megalomania	277	MEGALOMAN[i]A		megalomania	TITANZ	100	210	55	391	80	574	93	666					FALSE	TRUE	FALSE	TRUE	第51回ランダムセレクト祭	2017/11/27
paradiseregained	paradiseregained	278	Paradise Regained		paradise regained	LC:AZE feat. chakk	135	135	16	77	28	181	53	326					FALSE	FALSE	FALSE	TRUE		2017/12/3
satellitesystem	satellitesystem	279	Satellite System	ft. Diana Chiaki	satellite system	GRATEC MOUR	128	128	18	169	35	296	77	555					FALSE	FALSE	FALSE	TRUE		2017/12/3
rush	rush	280	Rush		rush	TANUKI	175	175	25	159	37	303	75	485					FALSE	TRUE	FALSE	TRUE	ULTIMATE BEATS 第6弾	2017/12/18
datamining	datamining	281	data mining		data mining	voia	175	175	18	148	36	269	66	483					FALSE	TRUE	FALSE	TRUE	ULTIMATE BEATS 第6弾	2017/12/18
mechanizeddaydream	mechanizeddaydream	282	Mechanized Daydream		mechanized daydream	s-don	135	135	19	218	36	323	80	580					FALSE	TRUE	FALSE	TRUE	第52回ランダムセレクト祭	2017/12/28
otherworld	otherworld	283	Other World		other world	XIO	170	170	23	248	41	397	76	661					FALSE	TRUE	FALSE	TRUE	第52回ランダムセレクト祭	2018/1/1
yeji	yeji	284	YEJI		yeji	ginkiha	173	173	22	106	36	213	63	385					FALSE	FALSE	FALSE	TRUE		2018/1/1
historia	historia	285	HISTORIA		historia	Cranky	182	182	20	130	36	239	56	412					FALSE	FALSE	FALSE	TRUE		2018/1/1
level5	level5	286	LEVEL5-Judgelight-		level5	fripSide	139.5	139.5	11	61	28	170	45	313					FALSE	FALSE	FALSE	TRUE		2018/1/19
sistersnoise	sistersnoise	287	sister's noise		sisters noise	fripSide	144	144	10	75	27	166	46	281					FALSE	FALSE	FALSE	TRUE		2018/1/19
nemurenaiuta	nemurenaiuta	288	眠れない歌		ネムレナイウタ	iru	134	134	15	141	38	221	67	421					FALSE	TRUE	FALSE	TRUE	NEW YEARフェスティバル2018	2018/1/22
thekingofpirates	thekingofpirates	289	The King of Pirates		the king of pirates	RiraN	150	150	22	211	52	409	75	587					FALSE	TRUE	FALSE	TRUE	第53回ランダムセレクト祭	2018/1/26
godknows	godknows	290	God knows...		god knows	涼宮ハルヒ (C.V.平野綾)	150	150	10	89	26	177	45	309					FALSE	FALSE	FALSE	TRUE		2018/2/2
burstthegravity	burstthegravity	291	Burst The Gravity		burst the gravity	ALTIMA	148	148	12	95	25	148	46	256					FALSE	FALSE	FALSE	TRUE		2018/2/2
perfectlaughter	perfectlaughter	292	Perfect laughter		perfect laughter	ぽんず loved by yksb	175	175	16	100	35	195	51	342					FALSE	FALSE	FALSE	TRUE		2018/2/16
tsukinari	tsukinari	293	月鳴	-moonlit urge-	ツキナリ	AZURE FACTORY	175	175	14	100	43	334	61	430					FALSE	FALSE	FALSE	TRUE		2018/2/16
rainingagain	rainingagain	294	Raining Again	feat. Bea Aria	raining again	Sanxion	150	150	16	173	41	306	69	502					FALSE	TRUE	FALSE	TRUE	Elegant Show	2018/2/19
wingsoftwilight	wingsoftwilight	295	Wings of Twilight		wings of twilight	sky_delta	175	175	20	137	53	284	71	450					FALSE	TRUE	FALSE	TRUE	Elegant Show	2018/2/19
sestea	sestea	296	Sestea		sestea	Feryquitous	191	191	27	148	47	296	76	533					FALSE	TRUE	FALSE	TRUE	第54回ランダムセレクト祭	2018/2/24
nayuta	nayuta	297	nayuta		nayuta	happy machine	178	178	17	123	37	297	68	463					FALSE	TRUE	FALSE	TRUE	第55回ランダムセレクト祭	2018/3/26
